"member_casual","average_ride_length","total_rides","total_rides_length","ride_percentage"
"casual",22.7212658186058,1747757,39711251.3833309,38.8879395471017
"member",12.1943308811979,2746585,33492766.2833377,61.1120604528983
